-- --------------------------------------------------------
-- 主机:                           127.0.0.1
-- 服务器版本:                        5.7.24 - MySQL Community Server (GPL)
-- 服务器操作系统:                      Win64
-- HeidiSQL 版本:                  10.1.0.5464
-- --------------------------------------------------------

/*!40101 SET @OLD_CHARACTER_SET_CLIENT=@@CHARACTER_SET_CLIENT */;
/*!40101 SET NAMES utf8 */;
/*!50503 SET NAMES utf8mb4 */;
/*!40014 SET @OLD_FOREIGN_KEY_CHECKS=@@FOREIGN_KEY_CHECKS, FOREIGN_KEY_CHECKS=0 */;
/*!40101 SET @OLD_SQL_MODE=@@SQL_MODE, SQL_MODE='NO_AUTO_VALUE_ON_ZERO' */;


-- 导出 mofcom 的数据库结构
CREATE DATABASE IF NOT EXISTS `mofcom` /*!40100 DEFAULT CHARACTER SET utf8 */;
USE `mofcom`;

-- 导出  表 mofcom.category 结构
CREATE TABLE IF NOT EXISTS `category` (
  `category_id` int(11) NOT NULL,
  `name` varchar(50) DEFAULT NULL,
  PRIMARY KEY (`category_id`)
) ENGINE=MyISAM DEFAULT CHARSET=utf8 COMMENT='分类表';

-- 正在导出表  mofcom.category 的数据：0 rows
/*!40000 ALTER TABLE `category` DISABLE KEYS */;
INSERT INTO `category` (`category_id`, `name`) VALUES
	(13079, '畜产品'),
	(13080, '水产品'),
	(13073, '粮油'),
	(13076, '果品'),
	(13075, '蔬菜');
/*!40000 ALTER TABLE `category` ENABLE KEYS */;

-- 导出  表 mofcom.market 结构
CREATE TABLE IF NOT EXISTS `market` (
  `market_id` int(11) NOT NULL,
  `region_id` int(11) NOT NULL,
  `name` varchar(200) NOT NULL,
  PRIMARY KEY (`market_id`,`region_id`)
) ENGINE=MyISAM DEFAULT CHARSET=utf8 COMMENT='市场';

-- 正在导出表  mofcom.market 的数据：0 rows
/*!40000 ALTER TABLE `market` DISABLE KEYS */;
INSERT INTO `market` (`market_id`, `region_id`, `name`) VALUES
	(2576578, 11, '北京昌平水屯农副产品批发市场'),
	(20540, 11, '北京朝阳区大洋路农副产品批发市场'),
	(20843, 34, '安徽安庆市龙狮桥蔬菜批发市场'),
	(20857, 34, '安徽蚌埠蔬菜批发市场'),
	(8756299, 62, '甘肃定西市安定区马铃薯批发市场'),
	(21451, 11, '北京城北回龙观商品交易市场'),
	(20531, 11, '北京丰台区新发地农产品批发市场'),
	(45559, 34, '安徽和县皖江蔬菜批发大市场'),
	(20859, 34, '安徽合肥周谷堆农产品批发市场'),
	(20799, 35, '福建福鼎闽浙边界农贸中心市场'),
	(45539, 35, '福建同安闽南果蔬批发市场'),
	(2576518, 45, '广西南宁五里亭蔬菜批发市场'),
	(20992, 45, '广西田阳农副产品综合批发市场'),
	(21124, 62, '甘肃靖远县瓜果蔬菜批发市场'),
	(15001931, 62, '甘肃酒泉春光农产品市场'),
	(20532, 11, '北京京丰岳各庄农副产品批发市场'),
	(20543, 11, '北京市锦绣大地农副产品批发市场'),
	(70801139, 44, '佛山中南农产品交易中心'),
	(45271, 44, '广东东莞大京九农副产品中心批发市场'),
	(45544, 34, '安徽六安裕安区紫竹林农产品批发市场'),
	(20849, 34, '安徽马鞍山安民农副产品批发交易市场'),
	(20819, 35, '海峡农副产品批发物流中心'),
	(20989, 45, '广西新柳邕农产品批发市场有限公司'),
	(21120, 62, '甘肃秦安县果品市场'),
	(45682, 62, '甘肃省陇西县首阳镇蔬菜果品批发市场'),
	(21119, 62, '甘肃省武山县洛门蔬菜批发市场'),
	(20546, 11, '北京市锦绣大地玉泉路粮油批发市场'),
	(20548, 11, '北京市日上综合商品批发市场'),
	(20835, 44, '广东东莞果菜副食交易市场'),
	(45296, 44, '广东江门市水产冻品副食批发市场'),
	(20776, 44, '广东江门市新会区水果食品批发市场有限公司'),
	(21047, 52, '贵州贵阳市五里冲农副产品批发市场'),
	(21063, 52, '贵州铜仁地区玉屏畜禽产地批发市场'),
	(20840, 34, '安徽省阜阳农产品中心批发市场'),
	(20822, 34, '安徽舒城蔬菜大市场'),
	(20595, 41, '河南安阳豫北蔬菜批发市场'),
	(20619, 41, '河南三门峡西原店蔬菜批发市场'),
	(2550066, 62, '甘肃腾胜农产品集团'),
	(21121, 62, '甘肃天水瀛池果菜批发市场'),
	(20536, 11, '北京市通州八里桥农产品中心批发市场'),
	(20551, 11, '北京顺义区顺鑫石门农产品批发市场'),
	(2547920, 13, '沧州红枣交易市场'),
	(9348019, 13, '荷花坑批发市场'),
	(20754, 44, '广东汕头农副产品批发中心'),
	(20742, 44, '广东省广州市江南农副产品市场'),
	(21055, 52, '贵州遵义坪丰农副产综合批发市场'),
	(21052, 52, '贵州遵义市虾子辣椒批发市场'),
	(20825, 34, '安徽亳州蔬菜批发市场'),
	(45482, 34, '安徽濉溪县中瑞农副产品批发市场'),
	(2547955, 42, '鄂襄樊蔬菜批发市场'),
	(20687, 42, '湖北洪湖市农贸市场'),
	(20632, 41, '河南商丘市农产品中心批发市场'),
	(20614, 41, '河南省濮阳市王助蔬菜瓜果批发市场'),
	(21129, 62, '兰州大青山蔬菜瓜果批发市场'),
	(20620, 13, '河北保定工农路蔬菜果品批发市场'),
	(45060, 13, '河北沧州市红枣批发市场'),
	(20926, 23, '黑龙江哈尔滨哈达果菜批发市场有限公司'),
	(2604441, 23, '黑龙江鹤岗万圃源蔬菜批发市场'),
	(32370712, 44, '阳春市三农生猪猪苗批发市场'),
	(9060946, 34, '安徽砀山农产品中心惠丰批发市场'),
	(70759091, 34, '蚌埠海吉星农产品物流有限公司'),
	(20897, 22, '长春蔬菜中心批发市场'),
	(20692, 42, '湖北黄冈黄州商城蔬菜批发市场'),
	(8756123, 42, '湖北荆州两湖平原农产品交易物流中心'),
	(20628, 41, '河南新野县蔬菜批发交易市场'),
	(2547851, 41, '河南信阳市平桥区豫信花生制品有限公司'),
	(20728, 43, '湖南常德甘露寺蔬菜批发市场'),
	(20704, 43, '湖南长沙红星农副产品大市场'),
	(20615, 13, '河北邯郸（魏县）天仙果品农贸批发交易市场'),
	(20654, 13, '河北衡水市东明蔬菜批发市场'),
	(20938, 23, '黑龙江牡丹江市蔬菜批发市场'),
	(20929, 23, '齐齐哈尔中心批发市场'),
	(20777, 36, '江西赣州南北蔬菜大市场'),
	(45528, 36, '江西九江市浔阳蔬菜批发大市场'),
	(45651, 22, '吉林长春果品中心批发市场'),
	(20698, 42, '湖北潜江市江汉农产品大市场'),
	(20673, 42, '湖北省鄂州市蟠龙蔬菜批发交易市场'),
	(20582, 41, '河南郑州毛庄蔬菜批发市场'),
	(20584, 41, '河南郑州市农产品物流配送中心'),
	(37576569, 32, '大丰市丰收大地农产品价格信息中心'),
	(20958, 32, '江苏常州宣塘桥水产品交易市场'),
	(2543746, 43, '湖南长沙马王堆蔬菜批发市场'),
	(20716, 43, '湖南衡阳西园蔬菜批发市场'),
	(20599, 13, '河北乐亭县冀东果蔬批发市场'),
	(20613, 13, '河北秦皇岛（昌黎）农副产品批发市场'),
	(20779, 15, '呼和浩特市东瓦窑批发市场'),
	(2543558, 15, '内蒙古包头市友谊蔬菜批发市场'),
	(20784, 36, '江西乐平市蔬菜开发总公司'),
	(20792, 36, '江西南昌农产品中心批发市场'),
	(20765, 36, '江西上饶市赣东北农产品批发大市场'),
	(20899, 22, '吉林长春江山绿特优农产品储运批发市场'),
	(20909, 22, '吉林辽源市物流园区仙城水果批发市场'),
	(20664, 42, '湖北省黄石市农副产品批发交易公司'),
	(20668, 42, '湖北十堰市堰中蔬菜批发市场'),
	(20661, 42, '湖北武汉白沙洲农副产品大市场'),
	(2547980, 41, '豫南阳果品批发交易中心'),
	(20962, 32, '江苏丰县南关农贸市场'),
	(20966, 32, '江苏淮海蔬菜批发市场'),
	(20869, 21, '大连双兴批发市场'),
	(20876, 21, '辽宁鞍山宁远农产品批发市场'),
	(20719, 43, '湖南邵阳市江北农产品大市场'),
	(20736, 43, '湖南省吉首市蔬菜果品批发大市场'),
	(20733, 43, '湖南益阳市团洲蔬菜批发市场'),
	(20610, 13, '河北秦皇岛海阳农副产品批发市场'),
	(20660, 13, '河北饶阳县瓜菜果品交易市场'),
	(20651, 13, '河北三河市建兴农副产品批发市场'),
	(45134, 63, '青海省西宁市海湖路蔬菜瓜果综合批发市场'),
	(20801, 15, '内蒙古赤峰西城蔬菜批发市场'),
	(45527, 36, '江西永丰县蔬菜中心批发市场'),
	(15060112, 36, '南方粮食交易市场'),
	(45646, 22, '吉林松原市三井子杂粮杂豆产地批发市场'),
	(2550029, 42, '湖北孝感市南大批发市场'),
	(21051, 64, '宁夏银川市北环批发市场'),
	(21045, 64, '吴忠市鑫鲜农副产品市场有限公司'),
	(45591, 32, '江苏建湖水产批发市场'),
	(20959, 32, '江苏凌家塘农副产品批发市场'),
	(20969, 32, '江苏无锡朝阳市场'),
	(8763807, 21, '辽宁阜新市瑞轩蔬菜农副产品综合批发市场'),
	(2576573, 21, '辽宁省朝阳果菜批发市场'),
	(20723, 43, '湖南岳阳花板桥批发市场'),
	(45276, 13, '河北省邯郸市（馆陶）金凤禽蛋农贸批发市场'),
	(45328, 13, '河北省怀来县京西果菜批发市场'),
	(2550347, 14, '晋城绿盛农业技术开发有限公司'),
	(2576593, 14, '晋新绛蔬菜批发市场'),
	(45117, 63, '青海省西宁市仁杰粮油批发市场'),
	(2576564, 15, '内蒙古美通食品批发市场'),
	(20670, 42, '湖北宜昌金桥蔬菜果品批发市场'),
	(20690, 42, '湖北浠水市城北农产品批发大市场'),
	(20756, 37, '济南七里堡蔬菜综合批发市场'),
	(20747, 37, '青岛抚顺路蔬菜副食品批发市场'),
	(2576431, 32, '江苏无锡天鹏集团公司'),
	(20965, 32, '江苏徐州七里沟农副产品中心'),
	(49319130, 21, '中国北方杂粮加工物流中心'),
	(45807, 13, '河北省威县瓜菜批发市场'),
	(2576544, 13, '河北省永年县南大堡市场'),
	(20576, 13, '石家庄桥西蔬菜中心批发市场'),
	(20547, 31, '上海农产品中心批发市场有限公司'),
	(2576584, 14, '晋运城果品中心市场'),
	(45065, 14, '山西长治市金鑫瓜果批发市场'),
	(20653, 42, '武汉市皇经堂批发市场'),
	(21041, 61, '陕西汉中过街楼蔬菜批发市场'),
	(45669, 61, '陕西西安朱雀农产品交易中心'),
	(22346051, 37, '青岛黄河路农产品批发市场'),
	(20652, 37, '山东滨州市鲁北无公害蔬菜批发市场'),
	(45612, 32, '江苏扬州联谊农副产品批发市场'),
	(20968, 32, '江苏宜兴蔬菜副食品批发市场'),
	(8763836, 12, '天津范庄子蔬菜批发市场'),
	(20542, 31, '上海市江桥批发市场'),
	(20707, 14, '山西长治市紫坊农副产品综合交易市场'),
	(21053, 61, '陕西咸阳市新阳光农副产品批发市场'),
	(45432, 37, '山东德州黑马农产品批发市场'),
	(21010, 51, '四川成都龙泉聚和果蔬菜交易中心'),
	(8755899, 32, '南京高淳县水产批发市场有限公司'),
	(22346058, 32, '南京农副产品物流中心'),
	(9348188, 99, '新疆兵团农二师库尔勒市孔雀农副产品综合批发市场'),
	(20553, 12, '天津何庄子批发市场'),
	(20556, 12, '天津市东丽区金钟蔬菜市场'),
	(20741, 14, '山西汾阳市晋阳农副产品批发市场'),
	(20712, 14, '山西晋城绿欣农产品批发市场'),
	(20697, 14, '山西省大同市南郊区振华蔬菜批发市场'),
	(21048, 61, '陕西泾阳县云阳蔬菜批发市场'),
	(32902062, 61, '西部欣桥农产品物流中心市场'),
	(20674, 37, '山东肥城蔬菜批发市场'),
	(20639, 37, '山东冠县社庄江北第一蔬菜批发市场'),
	(2604461, 37, '山东济南市堤口果品批发市场'),
	(21006, 51, '四川成都西部禽蛋批发市场'),
	(8757132, 51, '四川广安邻水县农产品交易中心'),
	(20972, 32, '南京紫金山批发市场'),
	(20956, 32, '苏州市南环桥农副产品批发市场'),
	(45195, 53, '云南省呈贡县龙城蔬菜批发市场'),
	(32904608, 53, '云南省元谋县蔬菜批发市场'),
	(8755761, 12, '天津市韩家墅农产品批发市场'),
	(20555, 12, '天津市武清区大沙河蔬菜批发市场'),
	(9513388, 14, '山西省汇隆商城'),
	(20766, 14, '山西省临汾市襄汾县农副产品批发市场'),
	(21015, 65, '新疆博乐市农五师三和市场'),
	(20689, 37, '山东金乡县蔬菜批发市场'),
	(19982077, 37, '山东匡山农产品综合交易市场'),
	(45218, 51, '四川汉源县九襄农产品批发市场'),
	(21036, 51, '四川凉山州会东县堵格乡牲畜交易市场'),
	(21081, 53, '云南通海金山蔬菜批发市场'),
	(20571, 12, '天津市西青区当城蔬菜批发市场'),
	(20570, 12, '天津市西青区红旗农贸批发市场'),
	(20762, 14, '山西省临汾市尧丰农副产品批发市场'),
	(8763884, 14, '山西省吕梁离石马茂庄农贸批发市场'),
	(45088, 65, '新疆米泉通汇农产品批发市场'),
	(20985, 65, '新疆石河子西部绿珠果蔬菜批发市场'),
	(20633, 37, '山东临邑县临南蔬菜大市场'),
	(20700, 37, '山东龙口果蔬批发市场'),
	(20662, 37, '山东宁津县东崔蔬菜市场合作社'),
	(45569, 33, '杭州农副产品物流中心'),
	(20885, 33, '嘉兴水果市场'),
	(15002168, 51, '四川凉山州西昌市广平农副土特产品市场'),
	(21019, 51, '四川绵阳市高水蔬菜批发市场'),
	(20717, 14, '山西省朔州市朔城区大运蔬菜批发市场'),
	(20731, 14, '山西朔州市应县南河种蔬菜批发市场'),
	(21028, 65, '新疆吐鲁番盛达葡萄干市场'),
	(2576419, 65, '新疆维吾尔自治区克拉玛依农副产品批发市场'),
	(20677, 37, '山东宁阳县白马蔬菜批发市场'),
	(20734, 37, '山东青岛城阳蔬菜水产品批发市场'),
	(19639279, 50, '新大兴·国际农副产品交易中心'),
	(45217, 50, '重庆观农贸批发市场'),
	(15001796, 33, '宁波江北名特优农副产品批发交易市场'),
	(20880, 33, '浙江嘉善浙北果蔬菜批发交易'),
	(2549825, 51, '四川南充川北农产品批发市场'),
	(45233, 51, '四川省成都市农产品批发中心'),
	(20693, 14, '山西太原市城东利民果菜批发市场'),
	(20746, 14, '山西孝义蔬菜批发交易市场'),
	(8763855, 65, '新疆乌尔禾蔬菜批发市场'),
	(21035, 65, '新疆乌鲁木齐北园春批发市场'),
	(21033, 65, '新疆乌鲁木齐市凌庆蔬菜果品有限公司'),
	(20743, 37, '山东青岛莱西东庄头蔬菜批发'),
	(20732, 37, '山东青岛平度市南村蔬菜批发市场'),
	(70810114, 50, '重庆双福国际农贸城'),
	(20884, 33, '浙江嘉兴蔬菜批发交易市场'),
	(45586, 33, '浙江宁波市蔬菜副食品批发交易市场'),
	(8757171, 51, '四川省江油仔猪批发市场'),
	(21014, 51, '四川泸州仔猪批发市场'),
	(20735, 14, '山西忻州市五台县东冶镇蔬菜瓜果批发市场'),
	(20702, 14, '山西阳泉蔬菜瓜果批发市场'),
	(45078, 65, '新疆焉耆县光明农副产品综合批发市场'),
	(20995, 65, '新疆伊犁哈萨克族自治州霍城县界梁子66团农贸市场'),
	(20740, 37, '山东青岛市沧口蔬菜副食品批发市场'),
	(20667, 37, '山东省威海市农副产品批发市场'),
	(20904, 33, '浙江农都农副产品批发市场'),
	(20877, 33, '浙江绍兴蔬菜果品批发交易中心'),
	(20721, 14, '山西右玉玉羊批发市场'),
	(20726, 14, '山西运城市蔬菜批发市场'),
	(2550411, 14, '太原市河西农副产品市场'),
	(20663, 37, '山东省威海市水产品批发市场'),
	(20722, 37, '山东省淄博市鲁中果品批发市场'),
	(20907, 33, '浙江省杭州笕桥蔬菜批发交易市场'),
	(45578, 33, '浙江省金华农产品批发市场'),
	(20895, 33, '浙江温州菜篮子集团'),
	(20696, 37, '山东寿光农产品物流园'),
	(20749, 37, '山东章丘刁镇蔬菜批发市场'),
	(20871, 33, '浙江义乌农贸城'),
	(20715, 37, '山东滕州蔬菜批发市场');
/*!40000 ALTER TABLE `market` ENABLE KEYS */;

-- 导出  表 mofcom.product 结构
CREATE TABLE IF NOT EXISTS `product` (
  `product_id` int(11) NOT NULL,
  `category_id` int(11) NOT NULL,
  `name` varchar(50) NOT NULL,
  PRIMARY KEY (`product_id`,`category_id`)
) ENGINE=MyISAM DEFAULT CHARSET=utf8 COMMENT='产品';

-- 正在导出表  mofcom.product 的数据：0 rows
/*!40000 ALTER TABLE `product` DISABLE KEYS */;
INSERT INTO `product` (`product_id`, `category_id`, `name`) VALUES
	(13245, 13079, '鸡蛋'),
	(13233, 13079, '猪肉(白条猪)'),
	(16027054, 13079, '内三元母猪'),
	(8754711, 13080, '活草鱼'),
	(8754710, 13080, '白鲢活鱼'),
	(13103, 13076, '香蕉'),
	(13097, 13076, '富士苹果'),
	(16027050, 13079, '内三元生猪'),
	(16027052, 13079, '内三元仔猪'),
	(8754722, 13080, '活鲫鱼'),
	(8754705, 13080, '活鲤鱼'),
	(13095, 13073, '面粉'),
	(13106, 13076, '西瓜'),
	(13107, 13076, '哈密瓜'),
	(13235, 13079, '牛肉'),
	(16027055, 13079, '外三元母猪'),
	(13137, 13080, '黄鳝'),
	(13144, 13080, '武昌鱼'),
	(13096, 13073, '绿豆'),
	(13119, 13073, '色拉油'),
	(20410, 13075, '黄瓜'),
	(20414, 13075, '西红柿'),
	(13105, 13076, '菠萝'),
	(15002880, 13076, '伽师瓜'),
	(16027051, 13079, '外三元生猪'),
	(16027053, 13079, '外三元仔猪'),
	(13237, 13079, '羊肉'),
	(13118, 13080, '带鱼'),
	(13134, 13080, '黑鱼'),
	(13151, 13080, '鲈鱼'),
	(13087, 13073, '大豆'),
	(8754698, 13073, '一级豆油(散装)'),
	(20409, 13075, '大白菜'),
	(20413, 13075, '土豆'),
	(20411, 13075, '芹菜'),
	(13139, 13076, '巨峰葡萄'),
	(13098, 13076, '蜜桔'),
	(13240, 13079, '白条鸡'),
	(13248, 13079, '鸭蛋'),
	(13135, 13080, '泥鳅'),
	(15011220, 13080, '小黄鱼'),
	(13099, 13073, '红小豆'),
	(13811, 13075, '青椒'),
	(13515, 13075, '韭菜'),
	(13102, 13076, '鸭梨'),
	(13201, 13076, '猕猴桃'),
	(13243, 13079, '活鸡'),
	(13257, 13079, '乌鸡'),
	(15052322, 13080, '章鱼'),
	(15002873, 13080, '沼虾'),
	(8754673, 13073, '粳米(普通)'),
	(8754689, 13073, '菜油(散装)'),
	(13104, 13073, '标准粉'),
	(13509, 13075, '茄子'),
	(15637, 13075, '大葱'),
	(15052348, 13076, '白桃'),
	(15060784, 13076, '红马奶葡萄干'),
	(13310, 13079, '猪心'),
	(15060767, 13079, '基础母牛(500斤左右)'),
	(13124, 13080, '大带鱼'),
	(13179, 13080, '人工甲鱼'),
	(15060703, 13073, 'S33(油葵)'),
	(15052308, 13073, '高粱'),
	(15060735, 13073, '黑中片籽瓜子'),
	(13520, 13075, '大蒜'),
	(20408, 13075, '白萝卜'),
	(15641, 13075, '生姜'),
	(15052307, 13076, '金丝枣'),
	(15060639, 13076, '菱角'),
	(15058263, 13079, '麻花公鸡'),
	(13312, 13079, '猪肝'),
	(13313, 13079, '猪肚'),
	(13140, 13080, '养殖鲶鱼'),
	(13129, 13080, '大黄鱼'),
	(15052298, 13080, '马鲅鱼'),
	(15060369, 13073, '西葫芦白瓜籽(炒货)'),
	(13086, 13073, '玉米'),
	(15060184, 13073, '芸豆'),
	(15638, 13075, '葱头'),
	(8753469, 13075, '菜苔'),
	(13514, 13075, '菜花'),
	(15059625, 13076, '龙眼(储良)'),
	(15059632, 13076, '龙眼(石硖)'),
	(13296, 13079, '猪后腿肌肉'),
	(15092423, 13079, '三黄公鸡'),
	(13328, 13079, '三黄鸡'),
	(13127, 13080, '小带鱼'),
	(13713, 13080, '小黄花鱼'),
	(13168, 13080, '牛蛙'),
	(13084, 13073, '大米'),
	(13094, 13073, '花生油'),
	(13113, 13073, '香油'),
	(13512, 13075, '胡萝卜'),
	(13504, 13075, '香菜'),
	(15060783, 13076, '绿马奶葡萄干'),
	(15052357, 13076, '芒果(红象牙9号)'),
	(13261, 13079, '活鸭'),
	(13298, 13079, '肥膘'),
	(13189, 13080, '基围虾'),
	(13093, 13080, '草鱼'),
	(13117, 13080, '鲫鱼'),
	(13108, 13073, '特一粉'),
	(13125, 13073, '花生仁'),
	(15643, 13075, '冬瓜'),
	(13510, 13075, '豆角'),
	(13508, 13075, '菠菜'),
	(15052363, 13076, '芒果(农院3号)'),
	(15052367, 13076, '芒果(台农一号)'),
	(13293, 13079, '猪前腿肌肉'),
	(13314, 13079, '猪肺'),
	(13089, 13080, '鲢鱼'),
	(13146, 13080, '罗非鱼'),
	(13091, 13080, '鲤鱼'),
	(8754660, 13073, '籼米(晚籼米)'),
	(13122, 13073, '花生'),
	(13517, 13075, '蒜薹'),
	(20416, 13075, '油菜'),
	(13511, 13075, '洋白菜'),
	(13197, 13076, '柚'),
	(13150, 13076, '脐橙'),
	(13294, 13079, '猪大排肌肉'),
	(13317, 13079, '猪大肠'),
	(13289, 13079, '猪颈背肌肉'),
	(13131, 13080, '大平鱼'),
	(13147, 13080, '活鳜鱼'),
	(13115, 13073, '棕榈油'),
	(13090, 13073, '豆油'),
	(13088, 13073, '菜油'),
	(13366, 13075, '西葫芦'),
	(13495, 13075, '生菜'),
	(13133, 13076, '香梨'),
	(13244, 13076, '红提子'),
	(13316, 13079, '猪肾'),
	(13329, 13079, '老母鸡'),
	(13132, 13080, '小平鱼'),
	(13156, 13080, '白鳝鱼'),
	(13111, 13073, '特二粉'),
	(13085, 13073, '粳米'),
	(13503, 13075, '莲藕'),
	(15642, 13075, '莴笋'),
	(15640, 13075, '绿尖椒'),
	(13228, 13076, '芒果'),
	(13226, 13076, '龙眼(桂圆)'),
	(8754641, 13079, '活鹅'),
	(13253, 13079, '仔猪'),
	(13121, 13080, '对虾'),
	(13191, 13080, '草虾'),
	(8754700, 13073, '糯米'),
	(13083, 13073, '籼米'),
	(8756521, 13073, '葵花籽'),
	(13499, 13075, '苦瓜'),
	(13519, 13075, '南瓜'),
	(13206, 13076, '桃子'),
	(13167, 13076, '草莓'),
	(13266, 13079, '活兔'),
	(13250, 13079, '毛猪'),
	(13175, 13080, '梭子蟹'),
	(13149, 13080, '虹鳟鱼'),
	(8756539, 13073, '黑大片葵花籽'),
	(9060839, 13073, '晚籼稻'),
	(15060812, 13075, '条形辣椒干(二荆条)'),
	(15060815, 13075, '条形辣椒干(小米椒)'),
	(15060819, 13075, '圆形辣椒干(草莓椒)'),
	(13224, 13076, '甘蔗'),
	(13259, 13079, '柴鸡'),
	(13165, 13080, '扇贝'),
	(9060841, 13073, '早籼稻'),
	(9060826, 13073, '芝麻(白芝麻)'),
	(15060821, 13075, '圆形辣椒干(子弹头)'),
	(13365, 13075, '香菇'),
	(13155, 13076, '椪柑'),
	(15002905, 13076, '广柑'),
	(13153, 13076, '芦柑'),
	(13304, 13079, '黄牛'),
	(13255, 13079, '肥猪'),
	(13204, 13080, '蛏子'),
	(13200, 13080, '蛤蜊'),
	(16007828, 13073, '白芝麻'),
	(13370, 13075, '小白菜'),
	(13217, 13075, '平菇'),
	(13498, 13075, '丝瓜'),
	(15092406, 13076, '金龙芒'),
	(15092392, 13076, '芒果(农院5号)'),
	(15092420, 13079, '黄花母鸡'),
	(15060257, 13079, '蛇'),
	(13196, 13080, '澳洲龙虾'),
	(13182, 13080, '野生甲鱼'),
	(13159, 13080, '海参'),
	(13497, 13075, '西兰花'),
	(13214, 13075, '山药'),
	(13123, 13076, '雪梨'),
	(13185, 13076, '红枣'),
	(13319, 13079, '猪小肠'),
	(13268, 13079, '山羊'),
	(13152, 13080, '石斑鱼'),
	(13177, 13080, '青蟹'),
	(13141, 13080, '野生鲶鱼'),
	(13225, 13075, '茼蒿'),
	(13374, 13075, '西洋芹'),
	(13164, 13076, '香瓜'),
	(13260, 13076, '山竹'),
	(13263, 13079, '红皮鸡蛋'),
	(8754625, 13079, '猪皮'),
	(13160, 13080, '海鳗'),
	(8754743, 13080, '花鲢活鱼'),
	(13518, 13075, '蒜苗'),
	(13367, 13075, '小葱'),
	(13130, 13076, '酥梨'),
	(13176, 13076, '核桃'),
	(13192, 13076, '柿子'),
	(13264, 13079, '白皮鸡蛋'),
	(13308, 13079, '绵羊'),
	(13172, 13080, '江蟹'),
	(13202, 13080, '海蛎'),
	(13491, 13075, '芋头'),
	(13496, 13075, '油麦菜'),
	(13236, 13076, '蛇果'),
	(13215, 13076, '油桃'),
	(13307, 13079, '育肥牛'),
	(13306, 13079, '水牛'),
	(13186, 13080, '鲍鱼'),
	(13183, 13080, '乌龟'),
	(13223, 13075, '红椒'),
	(13368, 13075, '豇豆'),
	(13246, 13076, '柠檬'),
	(15060243, 13076, '黄河蜜'),
	(13239, 13079, '驴肉'),
	(13351, 13079, '肉羊'),
	(13170, 13080, '田鸡'),
	(13154, 13080, '加吉鱼'),
	(8754735, 13080, '鲅鱼'),
	(13208, 13075, '红萝卜'),
	(13494, 13075, '空心菜'),
	(13230, 13076, '石榴'),
	(13143, 13076, '玫瑰香葡萄'),
	(13349, 13079, '肉牛'),
	(13343, 13079, '活驴'),
	(13171, 13080, '肉蟹'),
	(13209, 13080, '紫菜'),
	(13486, 13075, '荷兰豆'),
	(13218, 13075, '金针菇'),
	(13158, 13076, '伊丽沙白瓜'),
	(13100, 13076, '甜橙'),
	(13337, 13079, '肉马'),
	(13326, 13079, '肉鸡苗(只)'),
	(13198, 13080, '美洲龙虾'),
	(13212, 13080, '鲨鱼'),
	(13516, 13075, '韭黄'),
	(13092, 13076, '国光苹果'),
	(13241, 13076, '青提子'),
	(13332, 13079, '骡子'),
	(13193, 13080, '土虾'),
	(13203, 13080, '淡菜(鲜)'),
	(15639, 13075, '茴香'),
	(13231, 13075, '黄豆芽'),
	(13145, 13076, '马奶葡萄'),
	(13194, 13076, '荔枝'),
	(13333, 13079, '耕骡'),
	(13339, 13079, '耕马'),
	(13711, 13080, '野生大黄鱼'),
	(13207, 13080, '鳗鱼干'),
	(13487, 13075, '长茄子'),
	(13493, 13075, '毛豆'),
	(15002887, 13076, '荔枝(白腊)'),
	(15002889, 13076, '荔枝(桂味)'),
	(13344, 13079, '耕驴'),
	(13712, 13080, '深水网箱大黄鱼'),
	(13163, 13080, '真鲷'),
	(13242, 13075, '绿豆芽'),
	(13489, 13075, '尖椒'),
	(13490, 13075, '红尖椒'),
	(15002886, 13076, '荔枝(黑叶)'),
	(8754866, 13076, '荔枝(妃子笑)'),
	(13173, 13076, '山楂'),
	(13303, 13079, '鸡苗(只)'),
	(13353, 13079, '黄花公鸡(只)'),
	(13157, 13080, '鮸鱼'),
	(16007643, 13080, '大黄花鱼'),
	(13501, 13075, '茭白'),
	(13488, 13075, '圆茄子'),
	(13180, 13076, '板栗'),
	(13169, 13076, '樱桃'),
	(13249, 13076, '红毛丹'),
	(13320, 13079, '猪皮(张)'),
	(13336, 13079, '役马'),
	(13347, 13079, '驴板肠'),
	(16026950, 13080, '鳊鱼'),
	(13222, 13075, '瓠子'),
	(13211, 13075, '佛手瓜'),
	(13220, 13076, '杏子'),
	(13238, 13076, '青苹果'),
	(13270, 13079, '山羯羊'),
	(13286, 13079, '山母羊'),
	(13513, 13075, '木耳菜'),
	(20415, 13075, '樱桃西红柿'),
	(13114, 13076, '黄元帅苹果'),
	(13258, 13076, '布朗'),
	(13221, 13076, '李子'),
	(13345, 13079, '驴皮(张)'),
	(13301, 13079, '鸭苗(只)'),
	(13229, 13075, '苋菜'),
	(13484, 13075, '青冬瓜'),
	(13256, 13076, '人参果'),
	(13252, 13076, '杨桃'),
	(13372, 13075, '韭苔'),
	(13120, 13076, '苹果梨'),
	(15092411, 13076, '大枣'),
	(13371, 13075, '韭菜花'),
	(13184, 13075, '鸡腿菇'),
	(13373, 13075, '芥菜'),
	(13138, 13076, '丰水梨'),
	(15002896, 13076, '乔纳金苹果'),
	(13109, 13076, '红星苹果'),
	(15644, 13075, '青笋'),
	(20412, 13075, '水萝卜'),
	(13500, 13075, '菜瓜'),
	(13112, 13076, '黄香蕉苹果'),
	(13188, 13076, '椰子'),
	(13483, 13075, '香椿'),
	(13502, 13075, '荸荠'),
	(13219, 13075, '慈菇'),
	(13210, 13076, '蟠桃'),
	(22216, 13076, '冬枣'),
	(13174, 13075, '黑木耳'),
	(18501, 13075, '玉米棒'),
	(8754795, 13076, '葡萄干(通货)'),
	(8754813, 13076, '麒麟西瓜'),
	(20419, 13075, '良薯'),
	(13187, 13075, '茶树菇'),
	(13128, 13076, '白梨'),
	(13136, 13076, '杨梅'),
	(13199, 13075, '草菇'),
	(13485, 13075, '光皮黄瓜'),
	(15646, 13075, '冬笋'),
	(13110, 13076, '秦冠苹果'),
	(13267, 13076, '枇杷'),
	(13227, 13075, '辣椒干'),
	(13162, 13075, '银耳'),
	(8754804, 13076, '特小凤西瓜'),
	(8754833, 13076, '黑美人西瓜'),
	(13195, 13075, '杏鲍菇'),
	(15645, 13075, '竹笋'),
	(8754773, 13076, '网纹瓜'),
	(13116, 13076, '常山胡柚'),
	(13181, 13075, '白灵菇'),
	(8754028, 13075, '豌豆'),
	(20421, 13076, '沙田柚'),
	(8754842, 13076, '嘎拉苹果'),
	(8754761, 13076, '红香蕉苹果'),
	(13178, 13075, '凤尾菇'),
	(8753869, 13075, '豌豆尖'),
	(8754856, 13076, '甜瓜'),
	(8754776, 13076, '早春红玉瓜'),
	(15060236, 13075, '莲蓬'),
	(8753866, 13075, '折耳根'),
	(13142, 13076, '龙眼葡萄'),
	(8754784, 13076, '雪莲果'),
	(13492, 13075, '福鼎芋'),
	(13190, 13075, '猴头菇'),
	(8754822, 13076, '京欣西瓜'),
	(8754791, 13076, '葡萄干(特级)'),
	(13166, 13075, '毛木耳'),
	(13364, 13075, '菜用仙人掌'),
	(13148, 13076, '象牙芒'),
	(8756564, 13076, '砂糖橘'),
	(13205, 13075, '枸杞二级'),
	(20420, 13075, '菜薹'),
	(13161, 13076, '华兰氏瓜'),
	(8754770, 13076, '黄金瓜'),
	(8756566, 13076, '年桔'),
	(8754211, 13075, '白蒜5.0公分'),
	(8754197, 13075, '红蒜5.0公分'),
	(8754876, 13076, '芒果(金煌芒)'),
	(8754846, 13076, '白糖罐甜瓜'),
	(16027048, 13075, '蘑菇'),
	(8754222, 13075, '白蒜6.0公分'),
	(13126, 13076, '红肖梨'),
	(13262, 13076, '芒果(象芽22号)'),
	(16026976, 13075, '马蹄'),
	(9060807, 13075, '红蒜6.0公分'),
	(13234, 13076, '石榴(大籽石榴)'),
	(20427, 13076, '芒果(红象芽9号)'),
	(22219, 13076, '干枣'),
	(16007742, 13075, '心里美萝卜'),
	(20428, 13075, '萝卜丝'),
	(22215, 13076, '鲜枣'),
	(9060834, 13076, '葡萄干(二级)'),
	(9060853, 13075, '枸杞一级'),
	(9060833, 13076, '葡萄干(一级)'),
	(16007932, 13076, '海棠果'),
	(16026921, 13076, '花盖梨'),
	(16007602, 13076, '菱枣'),
	(16007628, 13076, '木瓜'),
	(16007712, 13076, '葡萄'),
	(16007579, 13076, '青枣'),
	(16007912, 13076, '香水梨');
/*!40000 ALTER TABLE `product` ENABLE KEYS */;

-- 导出  表 mofcom.product_price_history 结构
CREATE TABLE IF NOT EXISTS `product_price_history` (
  `date` date DEFAULT NULL,
  `product` varchar(50) DEFAULT NULL,
  `price` varchar(50) DEFAULT NULL,
  `market` varchar(50) DEFAULT NULL,
  UNIQUE KEY `date_product_market` (`date`,`product`,`market`)
) ENGINE=MyISAM DEFAULT CHARSET=utf8 COMMENT='价格历史';

-- 正在导出表  mofcom.product_price_history 的数据：0 rows
/*!40000 ALTER TABLE `product_price_history` DISABLE KEYS */;
/*!40000 ALTER TABLE `product_price_history` ENABLE KEYS */;

-- 导出  表 mofcom.region 结构
CREATE TABLE IF NOT EXISTS `region` (
  `region_id` int(11) NOT NULL,
  `name` varchar(50) NOT NULL,
  PRIMARY KEY (`region_id`)
) ENGINE=MyISAM DEFAULT CHARSET=utf8 COMMENT='地区';

-- 正在导出表  mofcom.region 的数据：0 rows
/*!40000 ALTER TABLE `region` DISABLE KEYS */;
INSERT INTO `region` (`region_id`, `name`) VALUES
	(34, '安徽省'),
	(11, '北京市'),
	(35, '福建省'),
	(62, '甘肃省'),
	(44, '广东省'),
	(45, '广西壮族自治区'),
	(52, '贵州省'),
	(46, '海南省'),
	(13, '河北省'),
	(41, '河南省'),
	(23, '黑龙江省'),
	(42, '湖北省'),
	(43, '湖南省'),
	(22, '吉林省'),
	(32, '江苏省'),
	(36, '江西省'),
	(21, '辽宁省'),
	(15, '内蒙古自治区'),
	(64, '宁夏回族自治区'),
	(63, '青海省'),
	(37, '山东省'),
	(14, '山西省'),
	(61, '陕西省'),
	(31, '上海市'),
	(51, '四川省'),
	(12, '天津市'),
	(54, '西藏自治区'),
	(99, '新疆建设兵团'),
	(65, '新疆维吾尔自治区'),
	(53, '云南省'),
	(33, '浙江省'),
	(50, '重庆市');
/*!40000 ALTER TABLE `region` ENABLE KEYS */;

-- 导出  表 mofcom.reptile 结构
CREATE TABLE IF NOT EXISTS `reptile` (
  `id` int(11) NOT NULL AUTO_INCREMENT,
  `spider_name` varchar(50) NOT NULL DEFAULT '0',
  `url` varchar(200) NOT NULL,
  `code` varchar(50) NOT NULL,
  `create_time` datetime NOT NULL DEFAULT CURRENT_TIMESTAMP,
  PRIMARY KEY (`id`)
) ENGINE=MyISAM AUTO_INCREMENT=39 DEFAULT CHARSET=utf8 COMMENT='地址';

-- 正在导出表  mofcom.reptile 的数据：0 rows
/*!40000 ALTER TABLE `reptile` DISABLE KEYS */;
INSERT INTO `reptile` (`id`, `spider_name`, `url`, `code`, `create_time`) VALUES
	(1, 'product_screen', 'http://nc.mofcom.gov.cn/channel/jghq2017/price_list.shtml', '200', '2019-05-20 21:44:09'),
	(2, 'product_screen', 'http://nc.mofcom.gov.cn/channel/jghq2017/price_list.shtml?par_craft_index=13079', '200', '2019-05-20 21:44:11'),
	(3, 'product_screen', 'http://nc.mofcom.gov.cn/channel/jghq2017/price_list.shtml?par_craft_index=13080', '200', '2019-05-20 21:44:14'),
	(4, 'product_screen', 'http://nc.mofcom.gov.cn/channel/jghq2017/price_list.shtml?par_craft_index=13076', '200', '2019-05-20 21:44:16'),
	(5, 'product_screen', 'http://nc.mofcom.gov.cn/channel/jghq2017/price_list.shtml?par_craft_index=13073', '200', '2019-05-20 21:44:18'),
	(6, 'product_screen', 'http://nc.mofcom.gov.cn/channel/jghq2017/price_list.shtml?par_craft_index=13075', '200', '2019-05-20 21:44:21'),
	(7, 'product_screen', 'http://nc.mofcom.gov.cn/channel/jghq2017/price_list.shtml?par_p_index=11', '200', '2019-05-20 21:44:24'),
	(8, 'product_screen', 'http://nc.mofcom.gov.cn/channel/jghq2017/price_list.shtml?par_p_index=34', '200', '2019-05-20 21:44:28'),
	(9, 'product_screen', 'http://nc.mofcom.gov.cn/channel/jghq2017/price_list.shtml?par_p_index=62', '200', '2019-05-20 21:44:31'),
	(10, 'product_screen', 'http://nc.mofcom.gov.cn/channel/jghq2017/price_list.shtml?par_p_index=35', '200', '2019-05-20 21:44:34'),
	(11, 'product_screen', 'http://nc.mofcom.gov.cn/channel/jghq2017/price_list.shtml?par_p_index=45', '200', '2019-05-20 21:44:37'),
	(12, 'product_screen', 'http://nc.mofcom.gov.cn/channel/jghq2017/price_list.shtml?par_p_index=44', '200', '2019-05-20 21:44:41'),
	(13, 'product_screen', 'http://nc.mofcom.gov.cn/channel/jghq2017/price_list.shtml?par_p_index=46', '200', '2019-05-20 21:44:43'),
	(14, 'product_screen', 'http://nc.mofcom.gov.cn/channel/jghq2017/price_list.shtml?par_p_index=52', '200', '2019-05-20 21:44:46'),
	(15, 'product_screen', 'http://nc.mofcom.gov.cn/channel/jghq2017/price_list.shtml?par_p_index=41', '200', '2019-05-20 21:44:48'),
	(16, 'product_screen', 'http://nc.mofcom.gov.cn/channel/jghq2017/price_list.shtml?par_p_index=13', '200', '2019-05-20 21:44:50'),
	(17, 'product_screen', 'http://nc.mofcom.gov.cn/channel/jghq2017/price_list.shtml?par_p_index=42', '200', '2019-05-20 21:44:54'),
	(18, 'product_screen', 'http://nc.mofcom.gov.cn/channel/jghq2017/price_list.shtml?par_p_index=23', '200', '2019-05-20 21:44:57'),
	(19, 'product_screen', 'http://nc.mofcom.gov.cn/channel/jghq2017/price_list.shtml?par_p_index=22', '200', '2019-05-20 21:45:01'),
	(20, 'product_screen', 'http://nc.mofcom.gov.cn/channel/jghq2017/price_list.shtml?par_p_index=43', '200', '2019-05-20 21:45:04'),
	(21, 'product_screen', 'http://nc.mofcom.gov.cn/channel/jghq2017/price_list.shtml?par_p_index=36', '200', '2019-05-20 21:45:08'),
	(22, 'product_screen', 'http://nc.mofcom.gov.cn/channel/jghq2017/price_list.shtml?par_p_index=32', '200', '2019-05-20 21:45:10'),
	(23, 'product_screen', 'http://nc.mofcom.gov.cn/channel/jghq2017/price_list.shtml?par_p_index=15', '200', '2019-05-20 21:45:14'),
	(24, 'product_screen', 'http://nc.mofcom.gov.cn/channel/jghq2017/price_list.shtml?par_p_index=21', '200', '2019-05-20 21:45:17'),
	(25, 'product_screen', 'http://nc.mofcom.gov.cn/channel/jghq2017/price_list.shtml?par_p_index=63', '200', '2019-05-20 21:45:20'),
	(26, 'product_screen', 'http://nc.mofcom.gov.cn/channel/jghq2017/price_list.shtml?par_p_index=64', '200', '2019-05-20 21:45:22'),
	(27, 'product_screen', 'http://nc.mofcom.gov.cn/channel/jghq2017/price_list.shtml?par_p_index=14', '200', '2019-05-20 21:45:25'),
	(28, 'product_screen', 'http://nc.mofcom.gov.cn/channel/jghq2017/price_list.shtml?par_p_index=37', '200', '2019-05-20 21:45:27'),
	(29, 'product_screen', 'http://nc.mofcom.gov.cn/channel/jghq2017/price_list.shtml?par_p_index=31', '200', '2019-05-20 21:45:30'),
	(30, 'product_screen', 'http://nc.mofcom.gov.cn/channel/jghq2017/price_list.shtml?par_p_index=61', '200', '2019-05-20 21:45:34'),
	(31, 'product_screen', 'http://nc.mofcom.gov.cn/channel/jghq2017/price_list.shtml?par_p_index=12', '200', '2019-05-20 21:45:37'),
	(32, 'product_screen', 'http://nc.mofcom.gov.cn/channel/jghq2017/price_list.shtml?par_p_index=51', '200', '2019-05-20 21:45:39'),
	(33, 'product_screen', 'http://nc.mofcom.gov.cn/channel/jghq2017/price_list.shtml?par_p_index=99', '200', '2019-05-20 21:45:42'),
	(34, 'product_screen', 'http://nc.mofcom.gov.cn/channel/jghq2017/price_list.shtml?par_p_index=54', '200', '2019-05-20 21:45:44'),
	(35, 'product_screen', 'http://nc.mofcom.gov.cn/channel/jghq2017/price_list.shtml?par_p_index=53', '200', '2019-05-20 21:45:48'),
	(36, 'product_screen', 'http://nc.mofcom.gov.cn/channel/jghq2017/price_list.shtml?par_p_index=65', '200', '2019-05-20 21:45:51'),
	(37, 'product_screen', 'http://nc.mofcom.gov.cn/channel/jghq2017/price_list.shtml?par_p_index=33', '200', '2019-05-20 21:45:55'),
	(38, 'product_screen', 'http://nc.mofcom.gov.cn/channel/jghq2017/price_list.shtml?par_p_index=50', '200', '2019-05-20 21:45:59');
/*!40000 ALTER TABLE `reptile` ENABLE KEYS */;

/*!40101 SET SQL_MODE=IFNULL(@OLD_SQL_MODE, '') */;
/*!40014 SET FOREIGN_KEY_CHECKS=IF(@OLD_FOREIGN_KEY_CHECKS IS NULL, 1, @OLD_FOREIGN_KEY_CHECKS) */;
/*!40101 SET CHARACTER_SET_CLIENT=@OLD_CHARACTER_SET_CLIENT */;
